position,title
Q6317200,Justice of the Supreme Court
Q108046436,Minister of State for Efficiency and Transformation
Q105070637,Minister of State for Housing
Q15109454,Minister of State for Transport
Q108046439,Parliamentary Under-Secretary of State for School System
Q5303205,Downing Street Chief of Staff
Q56682917,ambassador to Afghanistan
Q56761097,ambassador to Albania
Q56761098,ambassador to Algeria
Q56761099,ambassador to Angola
Q29898729,ambassador to Argentina
Q56761100,ambassador to Armenia
Q56761101,ambassador to Austria
Q56761102,ambassador to Azerbaijan
Q56761103,ambassador to Bahrain
Q56761105,ambassador to Belarus
Q56761106,ambassador to Belgium
Q56761107,ambassador to Bolivia
Q56761108,ambassador to Bosnia and Herzegovina
Q56761109,ambassador to Brazil
Q56761110,ambassador to Bulgaria
Q57520707,ambassador to Burkina Faso
Q56822862,ambassador to Burundi
Q56761111,ambassador to Cambodia
Q57392438,ambassador to Cape Verde
Q56809837,ambassador to the Central African Republic
Q56809839,ambassador to Chad
Q56761112,ambassador to Chile
Q56761113,ambassador to China
Q56761115,ambassador to Colombia
Q56761116,ambassador to Costa Rica
Q56761146,ambassador to CÃ´te d'Ivoire
Q56761117,ambassador to Croatia
Q56761118,ambassador to Cuba
Q56761205,ambassador to the Czech Republic
Q56761206,ambassador to the Democratic Republic of Congo
Q56761120,ambassador to Denmark
Q56761208,ambassador to the Dominican Republic
Q56761122,ambassador to Ecuador
Q56761123,ambassador to Egypt
Q56761124,ambassador to El Salvador
Q56809835,ambassador to Equatorial Guinea
Q56761125,ambassador to Eritrea
Q56761126,ambassador to Estonia
Q56761127,ambassador to Ethiopia
Q84098932,ambassador to the European Union
Q56761128,ambassador to Finland
Q20784743,ambassador to France
Q56824836,ambassador to Gabon
Q56761210,ambassador to the Gambia
Q43304482,ambassador to Georgia
Q40765972,ambassador to Germany
Q56761131,ambassador to Greece
Q56761132,ambassador to Guatemala
Q56761133,ambassador to Guinea
Q57392496,ambassador to Guinea-Bissau
Q56761134,ambassador to Haiti
Q56761214,ambassador to the Holy See
Q56761137,ambassador to Honduras
Q56761138,ambassador to Hungary
Q56761139,ambassador to Iceland
Q56761140,ambassador to Indonesia
Q56761141,ambassador to Iran
Q56761142,ambassador to Iraq
Q56761143,ambassador to Ireland
Q56761144,ambassador to Israel
Q56761145,ambassador to Italy
Q56761147,ambassador to Japan
Q56761148,ambassador to Jordan
Q56761149,ambassador to Kazakhstan
Q56761151,ambassador to Kosovo
Q56761152,ambassador to Kuwait
Q56761153,ambassador to Kyrgyzstan
Q56761154,ambassador to Laos
Q56761155,ambassador to Latvia
Q56761156,ambassador to Lebanon
Q56761157,ambassador to Liberia
Q56761158,ambassador to Libya
Q56761159,ambassador to Lithuania
Q56761160,ambassador to Luxembourg
Q56761161,ambassador to Macedonia
Q56761162,ambassador to Madagascar
Q56761163,ambassador to Mali
Q57954920,ambassador to the Marshall Islands
Q56761165,ambassador to Mauritania
Q56761166,ambassador to Mexico
Q57954915,ambassador to Micronesia
Q56761167,ambassador to Moldova
Q56761168,ambassador to Mongolia
Q56761169,ambassador to Montenegro
Q56761170,ambassador to Morocco
Q56855240,ambassador to Mozambique
Q56761171,ambassador to Myanmar
Q56761172,ambassador to Nepal
Q56761215,ambassador to the Netherlands
Q56761173,ambassador to Nicaragua
Q56809626,ambassador to Niger
Q56761174,ambassador to North Korea
Q56761175,ambassador to Norway
Q56761176,ambassador to Oman
Q57954923,ambassador to Palau
Q56761177,ambassador to Panama
Q30158212,ambassador to Paraguay
Q56761178,ambassador to Peru
Q56761216,ambassador to the Philippines
Q56761179,ambassador to Poland
Q56761181,ambassador to Portugal
Q56761183,ambassador to Qatar
Q56761184,ambassador to Romania
Q1997207,ambassador to Russia
Q56761186,ambassador to Rwanda
Q56761188,ambassador to Saudi Arabia
Q56761190,ambassador to Senegal
Q56761191,ambassador to Serbia
Q56761192,ambassador to Slovakia
Q20857684,ambassador to Slovenia
Q56761193,ambassador to Somalia
Q56761195,ambassador to South Korea
Q56761196,ambassador to South Sudan
Q56761197,ambassador to Spain
Q56761198,ambassador to Sudan
Q56878111,ambassador to Suriname
Q56761199,ambassador to Sweden
Q56761201,ambassador to Syria
Q56761203,ambassador to Tajikistan
Q56761204,ambassador to Thailand
Q57084775,ambassador to Togo
Q56761221,ambassador to Tunisia
Q56761222,ambassador to Turkey
Q56761223,ambassador to Turkmenistan
Q43304442,ambassador to Ukraine
Q56682924,ambassador to the United Arab Emirates
Q23005304,ambassador to the United States
Q28555723,ambassador to Uruguay
Q56761224,ambassador to Uzbekistan
Q56761225,ambassador to Venezuela
Q20984834,ambassador to Vietnam
Q56761227,ambassador to Yemen
Q56822788,ambassador to Yugoslavia
Q56761228,ambassador to Zimbabwe
Q57580048,Permanent Representative to the Council of Europe
Q59273554,Permanent Representative to the Disarmament Conference
Q57155264,Permanent Representative to the OECD
Q94638302,Permanent Representative to the Organisation for the Prohibition of Chemical Weapons
Q57956129,Permanent Representative to the Organisation for Security and Co-operation in Europe
Q57833772,"Permanent Representative to the United Nations Organizations, Geneva"
Q57899485,"Permanent Representative to the United Nations Organizations, Vienna"
Q4374315,"Permanent Representative to the United Nations, New York"
Q57244867,Permanent Representative to the European Union
Q57897640,Permanent Representative to the European Union Political and Security Committee
Q57897590,Permanent Representative to the Western European Union
Q18115939,ambassador of the United Kingdom
Q6597939,Speaker of the Legislative Assembly of Montserrat
